gender,name.title,name.first,name.last,location.street,location.city,location.state,location.postcode,email,login.username,login.password,login.salt,login.md5,login.sha1,login.sha256,dob,registered,phone,cell,id.name,id.value,picture.large,picture.medium,picture.thumbnail,nat
female,ms,clara,marquez,8821 calle de téllez,granada,castilla la mancha,32197,clara.marquez@example.com,purplepanda595,yang,Ig4553zt,bf9060e368955747bd63e0af588dbe79,a74716a2295c0de0877d34034e48b6d414dcf415,4099eafe99fcc3e83c22d9895fda3e14124976f7692b93e19cd6d511ff8b0a1d,1990-10-26 00:24:17,2011-09-19 13:47:03,964-987-643,666-320-546,DNI,63853499-R,https://randomuser.me/api/portraits/women/47.jpg,https://randomuser.me/api/portraits/med/women/47.jpg,https://randomuser.me/api/portraits/thumb/women/47.jpg,ES
female,miss,renee,fields,5067 w campbell ave,little rock,nevada,68257,renee.fields@example.com,redelephant577,comics,d9ACKTrC,dde258bb8db8ec4040116109a81fab85,f4681f672a3466df210d4c2d9eb95b88f824f7fe,e7de1c6b56cae4e32a36dd38388655b8209f2ad9c9fcccae568acf728ee2e5be,1952-11-28 04:07:39,2012-08-01 04:05:11,(785)-121-1836,(701)-944-1146,SSN,559-84-5209,https://randomuser.me/api/portraits/women/85.jpg,https://randomuser.me/api/portraits/med/women/85.jpg,https://randomuser.me/api/portraits/thumb/women/85.jpg,US
female,mrs,crystal,lowe,1037 miller ave,nampa,georgia,33625,crystal.lowe@example.com,whitefish141,season,p1R242ue,237fa3a0844589e12362616f44e64805,8fc5ee3698461a8b7972c936c9d2eeab133a5a3a,4e9e636a50e486e7cf3fcbdb7d1de989ee3d017c843c06cfffb861d12c50c68a,1964-05-14 16:34:02,2011-09-02 07:55:49,(034)-522-2004,(235)-653-4865,SSN,968-44-7841,https://randomuser.me/api/portraits/women/9.jpg,https://randomuser.me/api/portraits/med/women/9.jpg,https://randomuser.me/api/portraits/thumb/women/9.jpg,US
female,miss,vicky,mendoza,9079 london road,brighton and hove,tyne and wear,O0 0BG,vicky.mendoza@example.com,brownwolf487,tunafish,dYV7tV9j,991f16b3ee49e11d11e7a5a323a9fbde,cb3a52e67231448cd3a235b6c1d9d6eb7f1073d5,105ae046bee02fcd1e3761918de0e67829ee590b93ff2cc12ad38f1c6a622416,1989-10-01 18:55:47,2015-11-13 02:44:02,013873 18811,0753-839-579,NINO,SP 76 27 24 W,https://randomuser.me/api/portraits/women/63.jpg,https://randomuser.me/api/portraits/med/women/63.jpg,https://randomuser.me/api/portraits/thumb/women/63.jpg,GB
female,mrs,lily,diaz,2742 king street,sunderland,lothian,T0U 2ZA,lily.diaz@example.com,tinyswan295,everest,YJI2WhlN,ca7de2f7f4fddc7be4848003ef5e719d,af5f5cc3821edf84a62ab9d7df07d8966820df80,644e320b504f920d824e98b451e68283ffd2a7856986238859c1fb3c9d8d8204,1945-12-18 17:44:02,2007-10-23 02:53:52,024 6838 5402,0782-393-710,NINO,TN 15 74 14 K,https://randomuser.me/api/portraits/women/68.jpg,https://randomuser.me/api/portraits/med/women/68.jpg,https://randomuser.me/api/portraits/thumb/women/68.jpg,GB
female,mrs,cathy,gardner,8709 the drive,preston,suffolk,UL6 4AQ,cathy.gardner@example.com,lazymeercat914,david,J2oRBWLi,c085ce6ce94ac49d423c5f61576f8165,fcd6c552e4ec3ccedcea5e0917f6e7fa9cffa919,2697790adfc29297064829512fb603fc7f9e51ceea9eed0d33b75405ab45d0bf,1945-08-23 22:06:17,2006-09-26 11:44:23,01286 04032,0732-642-381,NINO,ZS 36 16 48 K,https://randomuser.me/api/portraits/women/13.jpg,https://randomuser.me/api/portraits/med/women/13.jpg,https://randomuser.me/api/portraits/thumb/women/13.jpg,GB
male,mr,taylor,franklin,2566 south street,newport,county londonderry,UD66 3UU,taylor.franklin@example.com,bluefrog849,beach,Q6wib8pf,8320179be69b3734bff65571deb10321,65ca98b9e38a2ce4f313115b7866afc86bd74358,34fe474a19102bc96d4296fb04e03f61390b1f61cc68a84c90d2be608ef5f882,1978-12-07 22:16:54,2011-11-18 23:54:47,015396 08386,0751-610-820,NINO,ZP 67 95 32 Q,https://randomuser.me/api/portraits/men/11.jpg,https://randomuser.me/api/portraits/med/men/11.jpg,https://randomuser.me/api/portraits/thumb/men/11.jpg,GB
male,mr,samuel,blanco,9648 calle de tetuán,pamplona,aragón,14502,samuel.blanco@example.com,ticklishswan159,welcome,g5geVJd6,cf30e7f6774cb602b6ecf8a63c465435,69fbfe98734c368ed406aa18628f09b181e4bb33,8d9205364d473babae063c8b71fb153e9269a81f30f6ca192d61ddfe8601cb60,1965-03-01 17:45:27,2014-04-18 03:10:46,970-221-599,602-999-600,DNI,09037825-T,https://randomuser.me/api/portraits/men/51.jpg,https://randomuser.me/api/portraits/med/men/51.jpg,https://randomuser.me/api/portraits/thumb/men/51.jpg,ES
male,mr,antonio,flores,7089 avenida de la albufera,pontevedra,la rioja,90086,antonio.flores@example.com,greengorilla670,skinny,mz71huVP,fe7f7b86733d964ea22a7b5747d04598,60e7bb48b518897772d4d37721de95b764a609c6,1d868aeecadc78d74e3c2b60a789ad273b0679d255ff866e5ac27cf2224f3998,1969-08-28 07:18:11,2008-09-30 05:17:29,966-730-618,690-386-422,DNI,37913290-Q,https://randomuser.me/api/portraits/men/49.jpg,https://randomuser.me/api/portraits/med/men/49.jpg,https://randomuser.me/api/portraits/thumb/men/49.jpg,ES
female,mrs,scarlett,boyd,9722 london road,city of london,suffolk,C39 8NH,scarlett.boyd@example.com,goldenleopard530,solitude,s9CPd1h2,7dfbe45abf11cc8270a8c2a710ce3739,e12a0fa1995b4726842532856e7962be2467cb01,ad9f008c959995f0139c8d289344aad95318b9db285d62174e432847d43a1a5c,1969-08-02 08:49:40,2007-11-04 11:34:13,015394 87470,0708-375-069,NINO,RK 73 10 40 X,https://randomuser.me/api/portraits/women/90.jpg,https://randomuser.me/api/portraits/med/women/90.jpg,https://randomuser.me/api/portraits/thumb/women/90.jpg,GB
female,ms,nuria,marquez,9099 avenida de la albufera,la coruña,castilla la mancha,53303,nuria.marquez@example.com,greenwolf311,yvonne,sIUbeQyj,03982461992048dec23ff2100594b95b,36cf957090d1526b52b0d259584739fdd420b45a,48afa4e1723243c21fca321fee2eeb43869c320b6d848fd747bd4b1737d23fc2,1951-06-19 10:30:35,2009-05-23 14:45:46,997-040-429,659-554-832,DNI,89481933-X,https://randomuser.me/api/portraits/women/63.jpg,https://randomuser.me/api/portraits/med/women/63.jpg,https://randomuser.me/api/portraits/thumb/women/63.jpg,ES
male,mr,carlos,vargas,6706 calle de toledo,barcelona,castilla y león,72154,carlos.vargas@example.com,redfish654,galore,JjSxOhpq,87529b6e147491628ff017713cd6527c,6e8adeb9ffea45eaa8aa2072eb54fc21347f7c6d,e8175e40efa68fade28ee41073c03db2723587c03c94bd7b97d638e04334375d,1951-10-14 02:41:45,2012-04-19 10:57:32,960-980-480,607-786-203,DNI,14516014-V,https://randomuser.me/api/portraits/men/47.jpg,https://randomuser.me/api/portraits/med/men/47.jpg,https://randomuser.me/api/portraits/thumb/men/47.jpg,ES
female,ms,grace,ward,3043 hunters creek dr,killeen,tennessee,47949,grace.ward@example.com,heavylion722,woman,YnQWsox4,c45df86fc8afd14194fc82127e11d2ef,7031fdb969dd4bc4eace88b326f080ad2c9f7a68,9c594123a534ab1c542a9ea7d9d9169500cca2075f8f097f859ec148c3f4ad4b,1988-01-27 05:20:27,2016-05-11 09:57:40,(829)-799-8043,(176)-454-9908,SSN,122-90-3529,https://randomuser.me/api/portraits/women/2.jpg,https://randomuser.me/api/portraits/med/women/2.jpg,https://randomuser.me/api/portraits/thumb/women/2.jpg,US
male,mr,raul,patterson,1736 homestead rd,nashville,washington,22825,raul.patterson@example.com,organicgorilla757,glacier,HEe3K0Ck,7dd2cffb7d2c429498066ccc2db4a592,d15c8754ef0a8bc14dcbe5f05ba2c0f6797047e8,6a51fec68b8dee2a1c1598ee144c1bd321400f8f5031915370db58f3809909fd,1968-08-10 23:31:03,2009-12-14 20:40:28,(277)-543-6609,(020)-807-8202,SSN,813-09-6415,https://randomuser.me/api/portraits/men/55.jpg,https://randomuser.me/api/portraits/med/men/55.jpg,https://randomuser.me/api/portraits/thumb/men/55.jpg,US
female,ms,rosa,roberts,7108 plum st,fort collins,arkansas,32458,rosa.roberts@example.com,smallgorilla576,basketball,oE08fDS0,c511e4e01c4fd7b54e9b61080ab2dd60,cc307bcd344ddd0e9b525a31844b274db5af8ae1,21eb671962780ff2357d686f19ba0b9c879bf61983346ed6152467dcb31c4ba9,1966-11-01 08:22:21,2009-03-11 23:35:20,(363)-105-8843,(445)-991-7367,SSN,207-85-4976,https://randomuser.me/api/portraits/women/34.jpg,https://randomuser.me/api/portraits/med/women/34.jpg,https://randomuser.me/api/portraits/thumb/women/34.jpg,US
male,mr,brayden,cruz,8872 the green,southampton,dorset,BR3 6BQ,brayden.cruz@example.com,organicbird848,slutty,FNU1H7vb,52e415ea45164bd7b4c8c5b9177ec4ac,b8fa85a38d713f262fec90d8d76d0b96d92fe610,11f2ddf26487414107d7b2b0ce1b31d2274cae7ed04cfdd350e1d1315f7b11b8,1967-03-17 18:54:26,2008-03-10 00:26:39,0181 500 5435,0780-024-862,NINO,PN 49 04 72 O,https://randomuser.me/api/portraits/men/50.jpg,https://randomuser.me/api/portraits/med/men/50.jpg,https://randomuser.me/api/portraits/thumb/men/50.jpg,GB
female,mrs,concepcion,duran,4082 calle de arganzuela,santander,país vasco,98902,concepcion.duran@example.com,organicrabbit987,1952,OMlk0khl,080017cc07b60c06204bd46d1d43a399,35ea41756f2a07d2b8f79b78407097ed7434792a,b93f70fde3d4548e32b334a4e4752c8d5081bf85703c0e0136ab191d18f37810,1972-12-26 00:01:34,2014-07-22 19:59:23,944-354-009,688-112-457,DNI,79575849-I,https://randomuser.me/api/portraits/women/9.jpg,https://randomuser.me/api/portraits/med/women/9.jpg,https://randomuser.me/api/portraits/thumb/women/9.jpg,ES
female,mrs,trinidad,molina,6040 avenida de la albufera,burgos,canarias,12250,trinidad.molina@example.com,brownrabbit123,quartz,ZoiJa0N3,43f8247ad52f7078f513a53714172eb4,0e667f2d8addf366db273ad513535e1b84f18745,a75ee95ba206e5d0c5e28a355301290f61e2089b2ef07955581ca48c479be40f,1954-12-18 14:33:43,2004-07-08 23:27:32,957-741-570,621-646-659,DNI,82894286-R,https://randomuser.me/api/portraits/women/17.jpg,https://randomuser.me/api/portraits/med/women/17.jpg,https://randomuser.me/api/portraits/thumb/women/17.jpg,ES
female,mrs,chloe,tucker,6770 springfield road,peterborough,cumbria,WO5U 5ZJ,chloe.tucker@example.com,beautifulmeercat783,dalejr,cYfrOSNM,68bfa4f15ef8826b3fe8d97157acf151,6e6f0acda448c59872cb1c6e4f278065b4837303,f999d0887fd3523f0286591edfee47f82607570d065d3d0f933e8ea9b99ffd5a,1992-07-13 03:57:33,2015-12-12 12:32:27,0115506 787 3232,0775-672-904,NINO,HT 13 34 66 N,https://randomuser.me/api/portraits/women/85.jpg,https://randomuser.me/api/portraits/med/women/85.jpg,https://randomuser.me/api/portraits/thumb/women/85.jpg,GB
male,mr,carmelo,carmona,3653 paseo de extremadura,valladolid,comunidad de madrid,23650,carmelo.carmona@example.com,heavywolf569,speaker,gSFZpFIB,a7931ea08f857b0de9eda6c554e1c23d,054c5832fb9cc5b7eb2b0932ef765e23b360819d,26270955377de16e6486741a7ab1f8c00a7599ced517a0cbddc1ea72409c1379,1952-12-14 09:22:00,2012-01-20 19:14:17,970-368-755,617-180-374,DNI,35112205-L,https://randomuser.me/api/portraits/men/26.jpg,https://randomuser.me/api/portraits/med/men/26.jpg,https://randomuser.me/api/portraits/thumb/men/26.jpg,ES
female,ms,juana,ortega,8145 calle de ángel garcía,burgos,aragón,57613,juana.ortega@example.com,silverbear467,bigmike,vKcRqghz,405c7a1c6a3b8c36db7392081490a005,cd87bc752cba4a4260974b48896d6f6796a2706a,c6d11266873ad40edc932c267d7570179b7dea4f12df196727f0a066c1506c06,1984-09-17 04:27:52,2016-07-28 03:09:08,915-508-855,640-296-135,DNI,72734127-M,https://randomuser.me/api/portraits/women/13.jpg,https://randomuser.me/api/portraits/med/women/13.jpg,https://randomuser.me/api/portraits/thumb/women/13.jpg,ES
female,miss,suzanne,ruiz,6765 oak lawn ave,temecula,north dakota,97667,suzanne.ruiz@example.com,beautifulgoose127,angel1,gEuyD2eZ,72fc631ff7147fd91f62a7f48a4f438c,d930aa4be2a2274b0ad32b6c3e94d4b4a84fdd0b,c6cc92b8030c6dfcc9d179913b36078be252231289540fc56463b3612bacae73,1990-10-09 20:03:44,2015-03-25 16:07:28,(311)-505-4967,(337)-581-6537,SSN,641-20-0730,https://randomuser.me/api/portraits/women/2.jpg,https://randomuser.me/api/portraits/med/women/2.jpg,https://randomuser.me/api/portraits/thumb/women/2.jpg,US
male,mr,cody,peterson,1267 grove road,salisbury,hertfordshire,ID5W 1YJ,cody.peterson@example.com,redlion372,titanium,FE3T8kcV,1d35b19d28e93c1dc9412d7767ce9300,a88288362827eeb240fb32427c2e1194ea239118,32a8bfc026f79d92e677a77f019e9fe6b3af38696da3a42a947d8de21e20da00,1988-01-27 13:55:02,2005-07-20 03:15:44,01970 743850,0763-536-298,NINO,OK 37 34 23 E,https://randomuser.me/api/portraits/men/13.jpg,https://randomuser.me/api/portraits/med/men/13.jpg,https://randomuser.me/api/portraits/thumb/men/13.jpg,GB
male,mr,patrick,andrews,6526 ash dr,garden grove,north carolina,56492,patrick.andrews@example.com,heavykoala919,murder,SVgHMbvQ,0415a18dcfabaa80eedf9c361fa2f9c6,4cee5825af23745fb9ced0d3b45e20af9cd6fe89,bc8daa16f7eaf7a75ec2e086330df0e715391706dfdef85e9cfe7c83ea35edf9,1963-06-02 05:59:24,2013-10-05 12:35:20,(831)-698-2404,(964)-735-7579,SSN,461-58-7016,https://randomuser.me/api/portraits/men/8.jpg,https://randomuser.me/api/portraits/med/men/8.jpg,https://randomuser.me/api/portraits/thumb/men/8.jpg,US
female,ms,eva,crawford,3734 the drive,salisbury,worcestershire,B5A 2UW,eva.crawford@example.com,bigdog480,aceace,7vKJyn2d,4aac6296a0e46ccbe6ae6ef9f69390ba,306096e90eea2caa1d06ce95911d13966349924e,fb6814f3fd7253dc5a9ff96e87225c57364ae1cba40e8c3cfc2145dd3fb6b89c,1950-06-29 20:17:07,2003-01-25 19:30:01,01468 41184,0701-422-781,NINO,RR 15 45 95 B,https://randomuser.me/api/portraits/women/17.jpg,https://randomuser.me/api/portraits/med/women/17.jpg,https://randomuser.me/api/portraits/thumb/women/17.jpg,GB
